{"api-examples.md":"BR2ACIVG","index.md":"Bz8b5BfX","markdown-examples.md":"DJnmFS4G","public_assets_readme.md":"CLVGSrQU","readme.md":"BTqbAgsj","study_01-javase_10网络编程.md":"CrKr0rZf","study_01-javase_11nio.md":"nJ-gBCkp","study_01-javase_12正则表达式.md":"CGRr762z","study_01-javase_13linux.md":"C6Q15LEn","study_01-javase_14git.md":"B3l2a5Oz","study_01-javase_1javase.md":"CYok461Z","study_01-javase_2java的异常机制.md":"DrBlF7WZ","study_01-javase_3常用api.md":"B4Hs3Yd-","study_01-javase_4泛型generics和枚举enum.md":"l_wZl4di","study_01-javase_5java多线程入门（重点）.md":"CkKQIS2p","study_01-javase_6数据结构之——树.md":"BEuWHbEQ","study_01-javase_7集合.md":"CA5KO7vV","study_01-javase_8io流.md":"Cg5CyQul","study_01-javase_9注解和反射.md":"bodwjQ6G","study_02-mysql_jdbc.md":"DmrAc8Yo","study_02-mysql_mysql.md":"B9FjaV6v","study_02-mysql_mysql进阶.md":"C7nJy4vV","study_03-javaweb_javaweb.md":"BR-RCtyA","study_04-框架_01-maven.md":"BnlsUFbn","study_04-框架_02-日志框架.md":"DvlfS-RN","study_04-框架_03-设计模式.md":"VOb4akTt","study_04-框架_04-mybatis.md":"D4TNEULt","study_04-框架_05-spring.md":"UJGDQJCl","study_04-框架_06-spring-mvc.md":"CZNAMdh6","study_04-框架_07-redis.md":"C7FUka_v","study_04-框架_08-redis进阶.md":"CEP7Xqyk","study_04-框架_09-vue.md":"CdRjKRaB","study_04-框架_10-nodejs.md":"DQGMlgj_","study_04-框架_11-ssm小项目.md":"-UZEew0E","study_04-框架_12-mybatis-plus.md":"2A-hoQUn","study_04-框架_13-springboot.md":"S0LTPHOV","study_05-中间件_01-springdatajpa.md":"CQAPODX3","study_05-中间件_02-springsecurity.md":"DX02M_pz","study_其他_vitepress.md":"BN6WUyal","study_其他_阿里规约.md":"CuhnnVQ4","study_其他_面试题.md":"CKzVht8K"}
