{
	"type":"Live2D Expression",
	"fade_in":500,
	"fade_out":500,
	"params":[
		{"id":"PARAM_EYE_L_OPEN","val":1.3,"calc":"mult"},
		{"id":"PARAM_EYE_L_SMILE","val":0},
		{"id":"PARAM_EYE_R_OPEN","val":1.3,"calc":"mult"},
		{"id":"PARAM_EYE_R_SMILE","val":0},
		{"id":"PARAM_EYE_FORM","val":1},
		{"id":"PARAM_EYE_BALLFORM","val":-0.4},
		{"id":"PARAM_BROW_L_Y","val":0.75},
		{"id":"PARAM_BROW_R_Y","val":0.26},
		{"id":"PARAM_BROW_L_ANGLE","val":0.41},
		{"id":"PARAM_BROW_R_ANGLE","val":0.41},
		{"id":"PARAM_BROW_L_FORM","val":1},
		{"id":"PARAM_BROW_R_FORM","val":1},
		{"id":"PARAM_MOUTH_FORM","val":1},
		{"id":"PARAM_CHEEK_02","val":1}
	]
}